Index,Time,FitTime,FitSteps,FncCalls,k,Flank,NS,Di,MG,PT,HT,RO,NuSym,DiSym,Shift,NSBind,TrainL,TrainLPerRead,AdjTrainLPerRead,TestLPerRead,AdjTestLPerRead,Lambda,NullVectors,PSAM
0,2020-09-03 13:49:35,0.381,30,36,8,0,TRUE,FALSE,FALSE,FALSE,FALSE,FALSE,1.1.1.1.-1.-1.-1.-1,NA,-1,4.862722395026081,55024.988603090205,22.009995441236082,14.193158161057614,NA,NA,0.0025,4,CCACGTGG,NB>,-0.8188054092622219,-0.7916621438736902,-1.4055238888312054,-1.8467309530589635,-0.8455475817479469,1.6045174250744834,-2.7391049962055654,-2.8825872421470526,1.2119995772758654,-3.8284731712566025,-0.8629477035047564,-1.3833010975405875,-2.0627719477654005,1.6675093252968043,-4.342486831560957,-0.12497294099652727,-0.12497294099652742,-4.342486831560958,1.667509325296804,-2.0627719477654005,-1.3833010975405875,-0.8629477035047562,-3.8284731712566025,1.2119995772758654,-2.882587242147052,-2.739104996205565,1.6045174250744834,-0.8455475817479468,-1.8467309530589635,-1.4055238888312056,-0.7916621438736902,-0.8188054092622219,NSB>,4.862722395026081,NE>,0.3042646220943307,0.29914197750034616,0.31551450467850845,0.3292658488345045,0.6430834081960874,0.5563089676177053,1.4786984752035914,1.540472937638783,0.6672551018335451,2.5398529802912124,0.7208076759896707,0.7777081823772373,1.1058780479994361,0.7644966470501707,2.7634271362796707,0.7712143236836466,0.7712143236836466,2.7634271362796707,0.7644966470501707,1.1058780479994361,0.7777081823772373,0.7208076759896707,2.5398529802912124,0.6672551018335451,1.540472937638783,1.4786984752035914,0.5563089676177053,0.6430834081960874,0.3292658488345045,0.31551450467850845,0.29914197750034616,0.3042646220943307,NSBE>,0.5526245454001418,NS>,0.15310645324695557,-0.8038799264486963,-0.6734627521820957,-2.4260372753423622,-0.6924763518439215,2.200581825520941,-3.0383592268100443,-2.2200197475931738,0.5222461760421684,-2.050685342616679,0.3001380343180368,-2.5219723684697253,-2.5219723684697253,0.30013803431803665,-2.050685342616679,0.5222461760421683,-2.2200197475931738,-3.0383592268100448,2.200581825520941,-0.6924763518439215,-2.426037275342363,-0.6734627521820958,-0.8038799264486964,0.15310645324695538,-1.6604746289211485,-1.2902580843684202,-0.27877014585266857,-0.5207706415839628,0.0,0.0,0.0,0.0,NSBS>,3.7502735007261996,<EOL>
1,2020-09-03 13:49:34,1.351,73,84,8,0,TRUE,FALSE,FALSE,FALSE,FALSE,FALSE,1.1.1.1.-1.-1.-1.-1,NA,0,3.7502735007261996,55072.502693549024,22.02900107741961,14.212163797241141,NA,NA,0.0025,4,CACATGTG,NB>,-0.5207706415839626,-0.2787701458526685,-1.2902580843684202,-1.660474628921149,0.15310645324695557,-0.8038799264486963,-0.6734627521820957,-2.4260372753423622,-0.6924763518439215,2.200581825520941,-3.0383592268100443,-2.2200197475931738,0.5222461760421684,-2.050685342616679,0.3001380343180368,-2.5219723684697253,-2.5219723684697253,0.30013803431803665,-2.050685342616679,0.5222461760421683,-2.2200197475931738,-3.0383592268100448,2.200581825520941,-0.6924763518439215,-2.426037275342363,-0.6734627521820958,-0.8038799264486964,0.15310645324695538,-1.6604746289211485,-1.2902580843684202,-0.27877014585266857,-0.5207706415839628,NSB>,3.7502735007261996,NE>,0.3083778404905177,0.2985710942863907,0.33276176740618263,0.3688719822680437,0.33127000390913336,0.3576484197970088,0.3619849667013366,0.6054617230187069,1.193748261453115,1.0529480935697806,3.465492023111424,2.250442426385913,0.3800615512929191,0.6380467035291455,0.38353893380571424,1.0273733963273879,1.0273733963273879,0.38353893380571424,0.6380467035291455,0.3800615512929191,2.250442426385913,3.465492023111424,1.0529480935697806,1.193748261453115,0.6054617230187069,0.3619849667013366,0.3576484197970088,0.33127000390913336,0.3688719822680437,0.33276176740618263,0.2985710942863907,0.3083778404905177,NSBE>,0.548719782422495,<EOL>
2,2020-09-03 13:49:36,0.498,40,45,8,0,TRUE,FALSE,FALSE,FALSE,FALSE,FALSE,1.1.1.1.-1.-1.-1.-1,NA,1,4.884689332974557,55024.99864202891,22.009999456811567,14.193162176633097,NA,NA,0.0025,4,CCACGTGG,NB>,-0.8244982387775134,-0.7961648971808145,-1.4100802855295695,-1.8539459114866592,-0.8642720098068292,1.5865178014517651,-2.6823649504112925,-2.9245701742082013,1.214547419603483,-3.862608845202138,-0.8572027239342758,-1.3794251834416258,-2.0361675273660644,1.698924602759463,-4.455480143300883,-0.09196626506707355,-0.09196626506707366,-4.455480143300883,1.698924602759463,-2.0361675273660644,-1.379425183441626,-0.8572027239342759,-3.862608845202138,1.2145474196034827,-2.9245701742082013,-2.682364950411292,1.586517801451765,-0.8642720098068293,-1.8539459114866597,-1.4100802855295698,-0.7961648971808145,-0.8244982387775135,NSB>,4.884689332974557,NE>,0.3157605827943181,0.30983109476361353,0.325708770576165,0.3394983983294007,0.6401223848571865,0.554424866833856,1.372977470643018,1.5798755771116528,0.7037017446036895,2.676197063950265,0.755380836497586,0.8104539377987049,1.1464402704663572,0.818678121964637,2.9909940164235396,0.8246890961834638,0.8246890961834638,2.9909940164235396,0.818678121964637,1.1464402704663572,0.8104539377987049,0.755380836497586,2.676197063950265,0.7037017446036895,1.5798755771116528,1.372977470643018,0.554424866833856,0.6401223848571865,0.3394983983294007,0.325708770576165,0.30983109476361353,0.3157605827943181,NSBE>,0.5765106408171251,NS>,0.0,0.0,0.0,0.0,-0.5207706415839626,-0.2787701458526685,-1.2902580843684202,-1.660474628921149,0.15310645324695557,-0.8038799264486963,-0.6734627521820957,-2.4260372753423622,-0.6924763518439215,2.200581825520941,-3.0383592268100443,-2.2200197475931738,0.5222461760421684,-2.050685342616679,0.3001380343180368,-2.5219723684697253,-2.5219723684697253,0.30013803431803665,-2.050685342616679,0.5222461760421683,-2.2200197475931738,-3.0383592268100448,2.200581825520941,-0.6924763518439215,-2.426037275342363,-0.6734627521820958,-0.8038799264486964,0.15310645324695538,NSBS>,3.7502735007261996,<EOL>
3,2020-09-03 13:49:38,0.582,42,49,9,0,TRUE,FALSE,FALSE,FALSE,FALSE,FALSE,1.1.1.1.*.-1.-1.-1.-1,NA,-1,2.6425038698408403,55138.1538413662,22.055261536546478,14.23842425636801,NA,NA,0.0025,5,ACCACTGGT,NB>,-0.023367611613561604,-1.6686471912797152,-0.2690638579655844,-0.6814252089819788,-0.8365372188238932,0.3716647505486517,-0.8644319872409332,-1.3131994143246655,0.5870432223431524,0.6266240610469301,-0.31003457082929076,-3.546136582401632,0.6426167332946403,0.4928968908875938,-3.499899917382659,-0.2781175766404153,-1.1633330890532159,-0.15791884586720456,-0.15791884586720456,-1.1633330890532159,-0.2781175766404154,-3.499899917382659,0.4928968908875937,0.6426167332946402,-3.546136582401632,-0.3100345708292906,0.6266240610469301,0.5870432223431525,-1.3131994143246652,-0.8644319872409332,0.3716647505486518,-0.8365372188238933,-0.6814252089819786,-0.26906385796558435,-1.668647191279715,-0.023367611613561514,NSB>,2.6425038698408403,NE>,0.3095188546059179,0.5229129916188517,0.3526424269430991,0.40340905092024,0.34780288502280926,0.2999108479607552,0.45788695928775336,0.4696478232129937,0.8528809419307735,0.8241593373885341,0.840243850495264,3.142353316280134,0.9315126797270012,0.8920065906228422,3.385017107311893,0.9132347497466005,0.391234541150651,0.30308831402034403,0.30308831402034403,0.391234541150651,0.9132347497466005,3.385017107311893,0.8920065906228422,0.9315126797270012,3.142353316280134,0.840243850495264,0.8241593373885341,0.8528809419307735,0.4696478232129937,0.45788695928775336,0.2999108479607552,0.34780288502280926,0.40340905092024,0.3526424269430991,0.5229129916188517,0.3095188546059179,NSBE>,0.5498071705445259,NS>,0.8620947550475923,-1.7695869933173947,-0.07992680044608409,-1.7361747501303735,-0.3224858298599731,0.8816901711071059,-0.810243014584172,-2.4725551155092202,-0.8226262349167504,0.27020641435743886,0.13962672878136334,-2.310800697068312,0.2911167736764951,-1.6529136680996253,-1.6529136680996253,0.2911167736764951,-2.310800697068312,0.1396267287813633,0.2702064143574388,-0.8226262349167505,-2.4725551155092202,-0.8102430145841724,0.8816901711071057,-0.3224858298599732,-1.7361747501303735,-0.07992680044608404,-1.7695869933173947,0.8620947550475924,-1.0006719445832282,-0.6646647766900745,0.008991005048000711,-1.0672480726209577,0.0,0.0,0.0,0.0,NSBS>,2.7235937888462596,<EOL>
4,2020-09-03 13:49:37,1.003,69,85,9,0,TRUE,FALSE,FALSE,FALSE,FALSE,FALSE,1.1.1.1.*.-1.-1.-1.-1,NA,0,2.7235937888462596,55127.56395116673,22.051025580466693,14.234188300288224,NA,NA,0.0025,5,CACCAGGTG,NB>,-1.0672480726209577,0.008991005048000444,-0.6646647766900748,-1.0006719445832284,0.8620947550475923,-1.7695869933173947,-0.07992680044608409,-1.7361747501303735,-0.3224858298599731,0.8816901711071059,-0.810243014584172,-2.4725551155092202,-0.8226262349167504,0.27020641435743886,0.13962672878136334,-2.310800697068312,0.2911167736764951,-1.6529136680996253,-1.6529136680996253,0.2911167736764951,-2.310800697068312,0.1396267287813633,0.2702064143574388,-0.8226262349167505,-2.4725551155092202,-0.8102430145841724,0.8816901711071057,-0.3224858298599732,-1.7361747501303735,-0.07992680044608404,-1.7695869933173947,0.8620947550475924,-1.0006719445832282,-0.6646647766900745,0.008991005048000711,-1.0672480726209577,NSB>,2.7235937888462596,NE>,0.29514603272617596,0.16776755955740433,0.20502430318379566,0.25052458997404947,0.3042453758730765,0.7647204591048183,0.3831227775480411,0.7437570053738216,0.44497569551256644,0.3931893519853017,0.5199247776565744,1.457528420616174,0.3207407106777146,0.28087771457632865,0.30102113560386723,0.9099772787808715,0.3548134307513225,0.36268821169744647,0.36268821169744647,0.3548134307513225,0.9099772787808715,0.30102113560386723,0.28087771457632865,0.3207407106777146,1.457528420616174,0.5199247776565744,0.3931893519853017,0.44497569551256644,0.7437570053738216,0.3831227775480411,0.7647204591048183,0.3042453758730765,0.25052458997404947,0.20502430318379566,0.16776755955740433,0.29514603272617596,NSBE>,0.24622841478530177,<EOL>
5,2020-09-03 13:49:38,0.637,34,48,9,0,TRUE,FALSE,FALSE,FALSE,FALSE,FALSE,1.1.1.1.*.-1.-1.-1.-1,NA,1,2.632853794996903,55138.16153779491,22.055264615117967,14.238427334939496,NA,NA,0.0025,5,ACCACTGGT,NB>,-0.020770821851637797,-1.6664787741648635,-0.2668346627474623,-0.6787695362329385,-0.8325549702484529,0.37456076395628646,-0.864549581403714,-1.3103100073010225,0.5564929690353486,0.5974606583042271,-0.3388255908436977,-3.4479818314927804,0.6615136108822272,0.5110403720272229,-3.5462368723386684,-0.2591709055676838,-1.1610537668569725,-0.15537313064147862,-0.15537313064147862,-1.1610537668569725,-0.2591709055676837,-3.546236872338669,0.511040372027223,0.6615136108822273,-3.447981831492781,-0.33882559084369773,0.5974606583042271,0.5564929690353486,-1.3103100073010223,-0.8645495814037139,0.3745607639562865,-0.8325549702484527,-0.6787695362329386,-0.2668346627474624,-1.6664787741648637,-0.020770821851637866,NSB>,2.632853794996903,NE>,0.3074536556520257,0.5206527572870542,0.35126868007028395,0.40180711393849705,0.3452753330562486,0.29814008517209734,0.45728471391001874,0.4672807742775141,0.7888618589379937,0.7585350168414414,0.778086878651807,2.8717608193758863,0.969051329646043,0.9301531568354309,3.548573527060475,0.9494616562570871,0.3891719454517077,0.3001092852448329,0.3001092852448329,0.3891719454517077,0.9494616562570871,3.548573527060475,0.9301531568354309,0.969051329646043,2.8717608193758863,0.778086878651807,0.7585350168414414,0.7888618589379937,0.4672807742775141,0.45728471391001874,0.29814008517209734,0.3452753330562486,0.40180711393849705,0.35126868007028395,0.5206527572870542,0.3074536556520257,NSBE>,0.5434174085543179,NS>,0.0,0.0,0.0,0.0,-1.0672480726209577,0.008991005048000444,-0.6646647766900748,-1.0006719445832284,0.8620947550475923,-1.7695869933173947,-0.07992680044608409,-1.7361747501303735,-0.3224858298599731,0.8816901711071059,-0.810243014584172,-2.4725551155092202,-0.8226262349167504,0.27020641435743886,0.13962672878136334,-2.310800697068312,0.2911167736764951,-1.6529136680996253,-1.6529136680996253,0.2911167736764951,-2.310800697068312,0.1396267287813633,0.2702064143574388,-0.8226262349167505,-2.4725551155092202,-0.8102430145841724,0.8816901711071057,-0.3224858298599732,-1.7361747501303735,-0.07992680044608404,-1.7695869933173947,0.8620947550475924,NSBS>,2.7235937888462596,<EOL>
6,2020-09-03 13:49:40,0.537,34,40,10,0,TRUE,FALSE,FALSE,FALSE,FALSE,FALSE,1.1.1.1.1.-1.-1.-1.-1.-1,NA,-1,3.9450410703256487,55055.442618599634,22.022177047439854,14.205339767261385,NA,NA,0.0025,5,AACACGTGTT,NB>,-0.5905396223311257,-1.3375950406525066,-0.9204204489863544,-1.0964859583556628,-0.6068986613132763,-0.6137419162526477,-1.0070963057898388,-1.7173041869698866,-0.816288019919884,1.7059572659158295,-1.8359339180363106,-2.9987763982852838,1.4512418412561736,-3.445639075432833,-0.5599885646818951,-1.3906552714670943,-1.6958577164315112,1.5627609223625436,-3.710872858213616,-0.10107141804306635,-0.10107141804306624,-3.710872858213616,1.5627609223625438,-1.695857716431511,-1.3906552714670943,-0.5599885646818952,-3.445639075432833,1.4512418412561736,-2.998776398285284,-1.8359339180363108,1.7059572659158293,-0.8162880199198844,-1.7173041869698862,-1.0070963057898383,-0.6137419162526475,-0.606898661313276,-1.0964859583556623,-0.9204204489863543,-1.3375950406525061,-0.5905396223311256,NSB>,3.9450410703256487,NE>,0.27109225252255126,0.2823644788335972,0.2548412896657224,0.2546817360695808,0.2506247037648812,0.25475116755876825,0.27916664232449545,0.31075888230290916,0.6773137287469119,0.5662789981097033,0.9607009909021684,1.873336276258139,0.6597887959629394,2.4382546353298378,0.7230443206510759,0.8151985581988195,0.8738468179977932,0.7035509083029033,2.4789273842490207,0.7150726562186319,0.7150726562186319,2.4789273842490207,0.7035509083029033,0.8738468179977932,0.8151985581988195,0.7230443206510759,2.4382546353298378,0.6597887959629394,1.873336276258139,0.9607009909021684,0.5662789981097033,0.6773137287469119,0.31075888230290916,0.27916664232449545,0.25475116755876825,0.2506247037648812,0.2546817360695808,0.2548412896657224,0.2823644788335972,0.27109225252255126,NSBE>,0.43800783357064654,NS>,-0.40578602842779493,-0.11066973003319666,-1.1972671060981077,-1.494422971933461,0.20378014941945383,-0.6963104140999821,-0.7683263453080846,-1.9472892265039472,-0.927811385478973,1.9125227849669775,-1.7046972844871064,-2.4881599514934583,1.1737869553855476,-3.530112609976861,0.9958538640776141,-1.8476740459788612,-1.8476740459788612,0.9958538640776141,-3.530112609976861,1.1737869553855476,-2.4881599514934583,-1.7046972844871064,1.9125227849669775,-0.9278113854789732,-1.9472892265039472,-0.7683263453080849,-0.6963104140999823,0.20378014941945363,-1.4944229719334605,-1.1972671060981075,-0.11066973003319666,-0.4057860284277949,-0.7633671294007683,-0.9140972617182371,-0.8201414142390416,-0.7105400311345129,0.0,0.0,0.0,0.0,NSBS>,3.20814583649256,<EOL>
7,2020-09-03 13:49:39,1.078,75,88,10,0,TRUE,FALSE,FALSE,FALSE,FALSE,FALSE,1.1.1.1.1.-1.-1.-1.-1.-1,NA,0,3.20814583649256,55084.38821767692,22.03375528707077,14.216918006892298,NA,NA,0.0025,5,ACACATGTGT,NB>,-0.7105400311345129,-0.8201414142390416,-0.914097261718237,-0.7633671294007686,-0.40578602842779493,-0.11066973003319666,-1.1972671060981077,-1.494422971933461,0.20378014941945383,-0.6963104140999821,-0.7683263453080846,-1.9472892265039472,-0.927811385478973,1.9125227849669775,-1.7046972844871064,-2.4881599514934583,1.1737869553855476,-3.530112609976861,0.9958538640776141,-1.8476740459788612,-1.8476740459788612,0.9958538640776141,-3.530112609976861,1.1737869553855476,-2.4881599514934583,-1.7046972844871064,1.9125227849669775,-0.9278113854789732,-1.9472892265039472,-0.7683263453080849,-0.6963104140999823,0.20378014941945363,-1.4944229719334605,-1.1972671060981075,-0.11066973003319666,-0.4057860284277949,-0.7633671294007683,-0.9140972617182371,-0.8201414142390416,-0.7105400311345129,NSB>,3.20814583649256,NE>,0.2722442260067269,0.27600327587046947,0.2822050592535622,0.2748294171595114,0.2697371578630007,0.2620717306893189,0.33355672648690005,0.3257739217248315,0.28839916170732965,0.30692101993360704,0.33641928187416476,0.4472024181919739,0.876767383043455,0.6882283570661345,1.3252183675452023,1.9633755285998369,1.0508254545469682,3.7948061386337235,1.0579299178892665,1.4063103142585949,1.4063103142585949,1.0579299178892665,3.7948061386337235,1.0508254545469682,1.9633755285998369,1.3252183675452023,0.6882283570661345,0.876767383043455,0.4472024181919739,0.33641928187416476,0.30692101993360704,0.28839916170732965,0.3257739217248315,0.33355672648690005,0.2620717306893189,0.2697371578630007,0.2748294171595114,0.2822050592535622,0.27600327587046947,0.2722442260067269,NSBE>,0.4730139206477883,<EOL>
8,2020-09-03 13:49:41,0.507,40,45,10,0,TRUE,FALSE,FALSE,FALSE,FALSE,FALSE,1.1.1.1.1.-1.-1.-1.-1.-1,NA,1,3.9604303475872977,55055.45230758509,22.022180923034036,14.205343642855567,NA,NA,0.0025,5,AACACGTGTT,NB>,-0.5949913780042569,-1.3413872768575712,-0.9254956574065286,-1.0985560353189399,-0.6103382135897107,-0.6177818314660829,-1.010999295459936,-1.7213110070715676,-0.8094532121094546,1.7136848391007382,-1.8065320643662999,-3.0581299102122808,1.4582037976396038,-3.4911648227369954,-0.5543186022478191,-1.3731507202420867,-1.6829148903038575,1.5632675873311797,-3.740194490728881,-0.10058855388573865,-0.10058855388573865,-3.740194490728881,1.5632675873311797,-1.6829148903038575,-1.373150720242087,-0.5543186022478194,-3.4911648227369954,1.4582037976396038,-3.0581299102122808,-1.8065320643663,1.7136848391007378,-0.8094532121094549,-1.7213110070715674,-1.0109992954599358,-0.6177818314660827,-0.6103382135897106,-1.0985560353189399,-0.9254956574065288,-1.3413872768575712,-0.594991378004257,NSB>,3.9604303475872977,NE>,0.280794907971087,0.2897170266711844,0.2634179734100915,0.2619856010001699,0.2588266957264302,0.2632339877534838,0.28769522123415225,0.31764131167047954,0.7087047837546288,0.6033286956944969,0.969079469111447,2.0286318786084894,0.6985946618053404,2.588395416987651,0.7597814522898169,0.8458633599815313,0.8844912711747612,0.7225265577795327,2.544830515731904,0.7337190466622941,0.7337190466622941,2.544830515731904,0.7225265577795327,0.8844912711747612,0.8458633599815313,0.7597814522898169,2.588395416987651,0.6985946618053404,2.0286318786084894,0.969079469111447,0.6033286956944969,0.7087047837546288,0.31764131167047954,0.28769522123415225,0.2632339877534838,0.2588266957264302,0.2619856010001699,0.2634179734100915,0.2897170266711844,0.280794907971087,NSBE>,0.4578721448949973,NS>,0.0,0.0,0.0,0.0,-0.7105400311345129,-0.8201414142390416,-0.914097261718237,-0.7633671294007686,-0.40578602842779493,-0.11066973003319666,-1.1972671060981077,-1.494422971933461,0.20378014941945383,-0.6963104140999821,-0.7683263453080846,-1.9472892265039472,-0.927811385478973,1.9125227849669775,-1.7046972844871064,-2.4881599514934583,1.1737869553855476,-3.530112609976861,0.9958538640776141,-1.8476740459788612,-1.8476740459788612,0.9958538640776141,-3.530112609976861,1.1737869553855476,-2.4881599514934583,-1.7046972844871064,1.9125227849669775,-0.9278113854789732,-1.9472892265039472,-0.7683263453080849,-0.6963104140999823,0.20378014941945363,-1.4944229719334605,-1.1972671060981075,-0.11066973003319666,-0.4057860284277949,NSBS>,3.20814583649256,<EOL>
